admin,Administrator,admin,password,Billy_Herrington.jpg
personnel,mos,abc,11111,Activated,29/10/2563 08:08:42,0,Billy_Herrington.jpg
personnel,sun,def,22222,Activated,31/10/2563 21:25:50,5,P'To 1.png
personnel,chess,ghi,33333,Banned,29/04/2562 05:35:13,8,P'To 5.png
guest,leng,guest1,12345,1,1101,P'To 2.png
guest,oat,guest2,67890,1,1102,P'To 3.png
guest,nut,guest3,123456789,1,1102,P'To 4.png
guest,AJ,guest4,123123,1,1201,P'To 6.png
guest,Mr.FUFU,FUFUZA,iamfufu,1,1107,P'To 4.png
personnel,FUFU,IAMFUFU,fufulover,Activated,24/10/2563 16:29:43,0,P'To 5.png
